{"autoplayTransitionDelay":5,"author":"","timestamp":"2017-13-18 23:7:3","loopSlideshow":0,"filename":"vue","autoplayBuildDelay":2,"comment":"","title":"vue","showMode":0,"creator":"Apple Keynote 7.2","slideList":["B3F37860-5AD4-43C3-A3B6-F3C6BAC4A924","82629D1D-AEA6-42DF-8B75-7B6114B71D3A","A25FFE7D-66EB-48C8-9887-A5F0303287E1","14957309-11E9-41C8-9484-ECED8D677A5E","06A53726-CB0A-4D58-AAEC-B8901C15C657","B7776863-E824-4729-8825-D564BD05C73C","729DBE56-4966-41E0-89FE-0E3866F7D62D","BCB2F5B5-4675-44EC-9652-D5540901B075","A55613DD-C643-4CE1-ABFD-D750ECBE394A","9AD6479B-2775-4D41-91C1-1697F4B959A1","D5A02363-3EE9-470E-A07D-84EFD3AA71D1","872FE3E6-5D35-472D-80B9-0798A7655899","5BA8CA88-D2BF-478B-84F2-4F395089FBC5","D94433E6-E022-4E7A-9828-4991DD758954","0C0ED018-8A4D-416B-8EC1-849A55E22834"],"soundtrack":{"mode":0,"volume":1},"slideWidth":1024,"slideHeight":768,"slideCount":15,"majorVersion":1,"minorVersion":2,"fonts":["HelveticaNeue-Bold","HelveticaNeue-Light","AvenirNext-DemiBold","HelveticaNeue-Italic","Avenir-Medium","Helvetica","Baskerville","Baskerville-SemiBold","Helvetica-Light","AvenirNext-Medium","GillSans","Avenir-MediumOblique","Avenir-Black","DINCondensed-Bold","HelveticaNeue-Medium","HelveticaNeue-Thin","HelveticaNeue","Helvetica-Bold","DINAlternate-Bold"]}